{"cameraMode":{"drawMode":0,"name":"Shaded","section":"Shading Mode"},"sceneLighting":true,"audioPlay":false,"sceneViewState":{"showFog":true,"showMaterialUpdate":false,"showSkybox":true,"showFlares":true,"showImageEffects":true,"showParticleSystems":true},"in2DMode":false,"pivot":{"x":3.279534101486206,"y":5.0545549392700199,"z":-3.911411762237549},"rotation":{"x":0.23130501806735993,"y":-0.4581940174102783,"z":0.12459496408700943,"w":0.8493063449859619},"size":3.701911687850952,"orthographic":false}