{"cameraMode":{"drawMode":0,"name":"Shaded","section":"Shading Mode"},"sceneLighting":true,"audioPlay":false,"sceneViewState":{"showFog":true,"showMaterialUpdate":false,"showSkybox":true,"showFlares":true,"showImageEffects":true,"showParticleSystems":true},"in2DMode":false,"pivot":{"x":3.886998414993286,"y":4.053590297698975,"z":-4.80691385269165},"rotation":{"x":0.2946440577507019,"y":-0.5176595449447632,"z":0.19636420905590058,"w":0.7792989611625671},"size":3.1268515586853029,"orthographic":false}