{"cameraMode":{"drawMode":0,"name":"Shaded","section":"Shading Mode"},"sceneLighting":true,"audioPlay":false,"sceneViewState":{"showFog":true,"showMaterialUpdate":false,"showSkybox":true,"showFlares":true,"showImageEffects":true,"showParticleSystems":true},"in2DMode":false,"pivot":{"x":1.6832778453826905,"y":2.272437334060669,"z":0.7237024307250977},"rotation":{"x":0.20375533401966096,"y":-0.242129847407341,"z":0.05188441276550293,"w":0.9473327398300171},"size":3.701911687850952,"orthographic":false}